id,review,cadre/atmosphère,probleme technique,temps d'attente,accueil/relation commerciale
1428,"accueil très moyen, à revoir. je veux bien que l'équipe travaille dans une ambiance décontractée mais il y'a des limites à cela. merci de prendre en compte cet avis, et d'améliorer la prise en charge de vos clients à l'accueil.",0,0,0,1
830,"personnel plus préoccupé par le papotage entre amie que par le client.  orange veut faire la banque ....il devrait commencer par choisir son personnel. après 15 minutes d'attente  , la personne n a pas vu qu'elle avait un client..mais sa copine part en vacance demain..ouf ...!!!  et moi ...je prendrais un abonnement chez le concurrent.",0,0,1,1
1032,très bon accueil,0,0,0,1
1245,le personnel se fait des blagues pendant que tu attends,0,0,1,1
1835,bon accueil et bon service!,0,0,0,1
1605,"accueil détestable. quand mon tour arrive, le conseiller m´ignore un moment avant de venir vers moi sans bonjour ni politesse. je lui explique rapidement ma situation (assez urgente, je pars à l´étranger et le service client me dit de poser mon matériel en boutique), il me dit qu´il ne peut rien faire, n´écoute meme pas mon cas et bascule carrément dans l´impolitesse en me disant que j´aurais du me renseigner mieux avant de venir et que je n´ai rien compris a ce qu´on m´a dit. ce comportement méprisant d´ailleurs en partie du au fait que je suis une jf de 25 ans.  tout simplement désagréable et humiliant. franchement une honte. j´ai appelé le service client pour le signaler, et ai pu poser mon matériel sans aucun problème au store de république.  bref je ne parle que pour cet agent, mais son contact client est plus que limite et zéro sens du service.",0,0,0,1
292,bravo au personnel d'orange très bien accueillie  je suis très content très bien organisé,0,0,0,1
1444,conseillers aimables et à l'écoute. moins d'attente qu'auparavant.,0,0,1,1
897,accueil chaleureux vendeur très professionnel très bonne boutique si vous souhaitez de vrais conseils j'ai de vrai professionnel c'est ici qu'il faut venir,0,0,0,1
604,"a l écoute des clients, très bon sens commercial",0,0,0,1
944,accueil sympa et à l'écoute,0,0,0,1
2626,accueil moyen...,0,0,0,1
49,pas aimable et on attend longtemps .,0,0,1,1
272,accueil parfait. service rapide.,0,0,1,1
982,très bien reçu mr oasis super,0,0,0,1
182,"une de mes pires experiences clients.45 minutes a attendre et a demander plusieurs a des vendeurs qui n en ont rien a faire pourquoi on ne m appelle pas.la deule personne competente est le gardien de la securite.mais il y a certains conseillers qui ont definitivement besoin de faire un cours sur comment etre aimable avec la clientele.conclusion, je pars d orange.",0,1,1,1
2465,super accueil et service rapide en cas de problème.,0,0,1,1
1689,le personnel n'est vraiment pas orienté client ! franchement je déconseille cette boutique !!!,0,0,0,1
1158,vendeur peu agréable. pas de chance la dame qui m'a pris mon abonnement il y a 3 mois était absente.,0,0,0,1
1616,j'ai  été  tre bien accueille et conseillée.,0,0,0,1
1631,"accueil agréable de la part du personnel malgré de très nombreux visiteurs qui, eux, ne sont pas tous agréables et courtois. attente un peu longue mais le personnel est limité en nombre. quand votre tour est arrivé on prend le temps de vous écouter et de répondre à vos besoins spécifiques. volonté d'expliquer clairement les offres et les produits.",0,0,1,1
976,excellent accueil mais surtout grande disponibilité des vendeurs et grandes compétences dans le domaine technique. boutique dont le fonctionnement est hors du commun.,0,0,1,1
1607,"ce matin, je suis venu dans cette agence parce que j' ai été extrêmement mal reçu par un vendeur dont le poste était situé à gauche de l' entrée. je suis resté respectueux et avec un ton de voix bas devant ses hurlements: ce vendeur a été très irrespectueux envers moi: il m' a dit qu' il ne pouvait pas changer ma carte sim orange parce que j' avais un forfait sosh, que j' avais un forfait donc low cost, avec un ton accusateur: que je savais très bien que je ne pouvais donc pas changer ma carte sim orange (qui si je ne me trompe est une filiale d' orange). pour finir il m' a dit que je n' avais qu' à prendre un forfait orange à 35 eu: donc, pour lui, je suis le seul fautif à avoir un forfait chez sosh: j' ai une adresse email chez orange mais à présent, je pense à changer d' opérateur mail et téléphone et croyez moi, effectivement, vous ne risquez plus de me voir dans une de vos agences",0,0,0,1
414,très bons accueil et conseils,0,0,0,1
1437,très bon accueil,0,0,0,1
1676,"mais quelle expérience désastreuse ! je ne peux qu’aller dans le sens des commentaires précédents. quelle honte ! 45 mn d’attente pour acheter un chargeur ! aucun bonjour, des vendeurs désagréables, voir agressifs et ironiques, un service désorganisé, un manque de conseils, un mépris des clients clairement revendiqué...  une expérience désagréable pour la deuxième fois qui m’amène à m’interroger en tant que cliente orange sur mon souhait de rester cliente d’une telle enseigne !",0,0,1,1
1148,très bien personnels très aimable,0,0,0,1
2058,accueil à revoir.,0,0,0,1
125,très bon accueil,0,0,0,1
1314,un accueil exécrable fuyez ce point de vente,0,0,0,1
1703,le personnel pas a l écoute du tout,0,0,0,1
2048,"boutique orange avec les employés les plus désagréables que je connaisse, allez ailleurs ils sont plus sympas dans les autres boutiques orange. ici incompétence totale, aucune information, et désagréable comme jamais. une horreur !!!!",0,0,0,1
864,accueil pas sympathique,0,0,0,1
366,très bien accueillie et commercial à l'écoute,0,0,0,1
2050,accueil boutique sympa on vous prend en charge rapidement pour les achats comme pr le reste.,0,0,1,1
1386,"le must du désagréable est ici. un acceuil déplorable, je pense qu'à terme ils veulent fermer la boutique !",0,0,0,1
1490,incompétents et manque de politesse.... bref on a juste envie de passer à la concurrence;2 ;0(((,0,0,0,1
2107,je suis toujours très bien reçue. merci orange,0,0,0,1
878,"accueil  correct, accès parking pas simple par contre.",0,0,0,1
1045,très bon accueil,0,0,0,1
2021,temps d'attente interminable.  seulement conseillers. l'accueil est lamentable et le service est médiocre.  a éviter cette boutique,0,0,1,1
1252,"""prise en charge rapide mais impression de déranger alors que je demandais à devenir cliente orange, ouverture d'une nouvelle ligne. la personne qui m'a expédiée nous a fait comprendre que c'était compliqué. j'avais les papiers justificatifs demandés mais non imprimés et le """"vendeur"""" n'a pas semblé vouloir m'aider à imprimer tous ces documents, bien que je doute que le magasin ne dispose d'aucune imprimante, ni m'indiquer un centre d'impression à proximité. vous perdez une cliente potentielle au final bravo orange..""",0,0,0,1
1963,tres bon accueil et sans doute un gros problème résolu,0,1,0,1
1404,"bien rangé,  soigné,  un peu farouche mais une fois les présentations faites plus de problèmes : agréable et sympa!",1,0,0,1
2359,la personne à l'accueil n'a fait que me dire qu'elle ne savait pas qu'elle ne pouvait pas me renseigner et me dire qu'elle ne comprenait pas ce que je demandais pour ensuite me dire qu'il fallait que j'appelle un conseiller (chose que j'avais déjà fait avant de me déplacer jusqu'à la boutique) bref elle a été absolument inutile ...,0,0,0,1
2046,équipe dynamique mais en sous effectifs,0,0,0,1
1475,"accueil toujours agréable, bonne orientation, peu d'attente (nous étions en semaine, 19/06/2018). le conseiller qui nous a reçu était agréable. magasin agréable.",1,0,1,1
1121,"personnel désagréable, vulgaire, et extrêmement lent, à fuir absolument !!!!",0,0,1,1
1345,sabrina super women et fahem top model au sourire commercial m'ont aidés et très bien reçu chacun à leur manière. équipe très motivé et bien sympathique. super dans mon quartier.,0,0,0,1
568,"a fuire ! accueil pas clair, désorganisés, lents, ils reçoivent les gens dans le désordre le plus total ! résultat : plus d'une 1/2h d'attente !",0,0,1,1
2341,"vendeuse agréable, à l'écoute et de très bon conseil. merci !",0,0,0,1
782,les hôtesses du magasin sont malpolies et arrogantes. je n'y reviendrai pas. tâche l'image de la marque.,0,0,0,1
2590,accueil agressif le 12 dec 17,0,0,0,1
2547,"très bon accueil, conseils et renseignements précis par le technicien.",0,0,0,1
23,"accueil sympathique dès l'entrée. service rapide et attente dans des canapés. et ouvert les dimanches après midi ! pratique quand il s'agit d'acheter un accessoire ou d'avoir un conseil (attention: pas de technicien les dimanche !). boutique spacieuse, du choix dans les articles et pas mal de personnel pour un dimanche.",1,0,1,1
407,"très bonne accueil, et bien organisé. on s'occupe rapidement de vous et les agents sont serviable.",0,0,0,1
1390,"très bon service client, et le problème a été résolu rapidement. je recommende cette location ! / really good customer service, and my problem has been quickly resolved. i recommend this shop !",0,1,1,1
2607,accueil pourri,0,0,0,1
513,on nous dirige bien,0,0,0,1
676,accueil pressé. pas évident obtenir des renseignements.,0,0,0,1
343,grande et jolie boutique avec vendeurs qui vous montrent bien qu'ils vous serviront quand l'envie viendra. cette boutique me fait penser à un magnifique gâteau au goût horrible. les petites boutiques plus simples ont des vendeurs plus compétents et mieux renseignés sur les offres et produits.,1,0,0,1
2327,"la plus grande et la plus belle boutique orange qui existe. énormément d'événements exclusifs, animations... des équipes professionnelles et se souciant des clients. je recommande fortement.",1,0,0,1
1401,magasin propre accueillant,1,0,0,0
206,"très belle boutique, accueil remarquable !",1,0,0,1
1403,"belle boutique,du choix,salon d'attente pratique,le système de file d'attente est simple",1,0,1,0
2345,rien n'a voir  quand elle était à la madeleine,1,0,0,0
1985,boutique sympa,0,0,0,1
2245,beau lieu personnel au petits soins,0,0,0,1
2150,cadre exceptionnel,1,0,0,0
2409,"tres belle boutique, equipe de vente souriante et aimable. accueil au top !  je suis venue lundi soir sans rendez-vous avec un peu d attente (20 mns) et ai ete prise en charge par andre, un vendeur aimable et tres bon conseiller. je recommande cette boutique !",1,0,1,1
2173,du choix dans les mobiles,1,0,0,0
464,grand confort pour les sièges et bonne réception malheureusement espace insuffisant pour l'affluence de clients,1,0,0,1
2285,très spacieuse,1,0,0,0
2596,"super magasin de téléphonie. attention aux montages des vitres blindés, ils refusent de les placer.",0,0,0,1
1636,"boutique à éviter absolument ! je me suis rendu à la boutique pour faire jouer la garantie de mon téléphone (iphone x) accessoires défectueux : la première fois le vendeur m’envoie chez apple (apple gère seul sa garentie), la deuxième au service client orange en ligne (qui me renvoie en boutique) et la 3ème me faire voir ! c’est lamentable",0,1,0,1
2462,très belle boutique  beaucoup de choix personnel à l écoute,1,0,0,1
1873,ce magasin est bien agencé beaucoup de choix le conseiller a très bien répondu à ma question  a été très gentil et professionnel,1,0,0,1
307,grande boutique orange avec beaucoup de choix les vendeurs sont qualifiés et ne forcent pas à la vente accessible aux personnes en fauteuil roulant,1,0,0,1
703,trop d'attente le concept du salon n'est guère bien étudié la copie du concept est à revoir,1,0,1,0
1992,boutique très agréable,1,0,0,0
409,boutique très agréable. nouveau concept de boutique. personnel competent et agréable,1,0,0,1
2316,boutique très agréable.le personnel est très sympathique et très avenant avec les clients.,1,0,0,1
1901,pas trop de monde contrairement à d'autres boutiques. vendeur sympa,1,0,0,1
515,espace exigu,1,0,0,0
94,service rapide et agréable dans un superbe environnement,1,0,1,1
2481,la boutique,1,0,0,0
720,bonne boutique,1,0,0,0
2044,boutique sympathique,1,0,0,0
1119,mieux que les autres boutiques orange,1,0,0,0
2192,j'y vais quand il y a les #kayanesession au 2ème étage. très bel endroit! 😍,1,0,0,0
1491,"boutique orange assez grande, on nous demande notre nom à notre arrivée et on est appelé après quelques minutes d'attente (5 à 10 minutes dans mon cas ce qui est plutôt rapide). le conseiller jamal est vraiment très sympathique, souriant , il explique bien tout et répond clairement aux questions qu'on lui pose.",1,0,1,1
2413,très belle boutique. rien de particulier à signaler !,1,0,0,0
920,la boutique est toute orange,1,0,0,0
2420,boutique opéra service rapide est employé à la hauteur.,0,0,1,1
1979,magasin très propre bien agencé avec des conseillé au top,1,0,0,1
2470,"pas terrible : beaucoup de monde, pas assez de personnel, peu d'attention.",1,0,0,1
2331,"très grande boutique à 3e étages en plein opéra, spécialisée dans l'aide et le conseils aux clients. des vrais pros qui nous écoutent vraiment ! je recommande davantage que la boutique orange de la défense ! le service est meilleur et il y a bien plus d'équipements et d'espace de confort pour attendre tout en se relaxant. rapide et efficace 👍👍👍",1,0,1,1
1992,boutique très agréable,1,0,0,0
2416,très agréable boutique orange opéra  dommage  qu'il y en a qu'une  pour toute la france,1,0,0,0
2126,mega boutique. j'ai bien aimé.,1,0,0,0
480,opérateur très cher mais excellent réseau. belle boutique,1,0,0,0
2352,commerciales très serviables et à l'écoute. très belle boutique en passant,1,0,0,1
1324,très accueillante,1,0,0,1
2600,"wifi à bord, du coup c'est cool",1,0,0,0
1344,lieu magique et lorsque l on connait l histoire de cette famille c est émouvant,1,0,0,0
2170,"plein d'animations, la plus grande boutique orange",1,0,0,0
295,"belle boutique confortable... au standing du quartier, mais surtout amabilité et compétence des conseillers (patrick), même si l'on doit attendre un peu pour être reçu. je recommande.",1,0,1,1
1262,mal indiqué mal renseigné pour trouvé orang pas de pancartes,1,0,0,0
1463,"vraiment une belle boutique orange, spacieuse et aérée avec une équipe très accueillante.  bravo",1,0,0,1
2157,meilleure boutique orange.,1,0,0,0
1582,super boutique et super équipe très sympa ! et la compétence est là !,0,0,0,1
2189,spatialisation réussie ainsi que l'accueil. le depannage pourtant assez délicat a été réglé rapidement,1,0,0,0
2155,énorme flagship!,1,0,0,0
2229,"très grande boutique avec un large choix de smartphones, de montres connectées, d'accessoires... si vous souhaitez prendre en main un smartphone, je vous recommande cet endroit car vous êtes sur de trouver le modèle de votre choix. par contre, certains vendeurs n'y connaissent rien et ne savent pas répondre aux questions les plus simples. heureusement que d'autres vendeurs sont plus sérieux.",1,0,0,1
2405,lieu agréable,1,0,0,0
1670,"une boutique classique avec tout la téléphonie mobile,  à 5mn de la gare.",1,0,0,0
1151,boutique tres petite comparativement à rue de rennes,1,0,0,0
43,boutique ou se côtoient les clients du quartier et les touristes,1,0,0,0
1796,souvent vide on a l impression de rentrer dans un autre monde froid et inquiétant,1,0,0,0
283,cadre lumineux et convivial,1,0,0,0
1960,"donne encore plus de problèmes au client. j'y suis allée car on m'a envoyée une nouvelle box, mais cette fois, pas de bon de retour pour rendre l'ancienne. de mauvaise grâce, je vais dans la boutique orange la rendre en mains propres.  l'accueil était bien, je rajoute aussi que j'ai une autre demande à faire. l'imprimante ne marche pas, la vendeuse ne peut pas me donner mon justificatif comme quoi ma box a été bien rendue, je lui demande tout de même si ça sera pris en compte,  oui pas d'inquiétude, c'est scanné, etc. sur ce elle me plante là alors que j'étais encore assise et va voir d'autres clients, sans rien me dire, et mes autres questions, je peux me les garder... je pars en lançant tout de même un au revoir... je reçois un courrier 1 mois plus tard qui dit que je n'ai pas rendu 2 box (au lieu d'une) et que je dois payer tant... et je n'ai pas le justificatif. merci orange de nous compliquer la vie. c'est une honte.",0,1,0,0
818,insatisfaisante du traitement de mon dossier basculer mobicarte à abonnement m6 forfait 2h bloqué le 18 mai,0,1,0,0
2255,"deplorable , service nul , accueil d un autre temps n ecoute pas son client ne comprends rien. de plus service commercial nul se trompe constement , m ont echange une mauvaise box  ce qui a pour consequence de bloquer 30 personnes au travail !!! je n ai jamais vu ca le directeur merite d etre limogé. c est pas avec ce genre de service que la france va s en sortir on est reellement sur la mauvaise pente.",0,1,0,1
1397,je suis passée à ce jour pour que le vendeur installe la puce dans le nouveau téléphone de mon fils car je n'y arrivait pas!celui ci me l'a installé rapidement et à fini par me dire que ça ne fonctionnait pas que téléphone n'était certainement pas débloqué !  finalement j'ai réessayé le soir à la maison et cela fonctionne très bien! j'ai perdu du temps alors que cette personne est sensé être professionnel en la matière! je pense que cette personne devrait envisager une reconversion!!!,0,1,0,0
1866,bonjour obligé de passer 3 fois dans la même boutique. 1ère fois hôtesse orange n'écoute mm pas le problème et m'envoie chercher le câble d'alimentation alors que pas demandé lors de mon appel. 2ème fois j'y retourne avec le câble mais le vendeur me sort le sien et le vendeur m'échange ma box mais oublie de me rendre ma carte pour la faire fonctionner.  devoir y retourner 3 fois avec une température de 30degres dehors. 5km aller et 5km retour.  c cher payé l'abonnement,0,1,0,0
1936,"ce samedi matin,je suis passée retirer ma box car je suis assistante éducation palaiseau et ne peut être disponible en semaine. mais hélas, le black à la caisse m'a jeté dehors mon tort: avoir demandé de voir ds mon dossier s'il peut me confirmer le passage du technicien. il a refusé de consulter mon dossier et est rentré ds une noire colère et j'ai quitté la boutique.",0,1,0,0
2211,"est en rénovation. (vaugirard ).sinon, pour la fibre,chapeaux. depuis le 22mars, j'attends toujours la réparation. et toujours rien.",1,1,0,0
250,je n'ai pas la solution à mon problème !,0,1,0,0
427,"cliente comme mon mari depuis des années chez orange. je suis très déçue de mon dernier passage. je suis allée changer mon smartphone qui avait 2 problèmes. la batterie qui n'en pouvait plus, celui que l'on m'a remplacé est guère mieux. le chargeur aussi a été changé mais on me l'a fait payer presque 15€ alors qu'il fesait parti du pack d'achat. les photos de mes contacts sont toutes floutees. je suis très déçue. je dois le changer au mois d'octobre, j'y réfléchirais. quand à l'accueil dure, dure. désolée.",0,1,0,0
661,selon la personne qui vous reçoit votre problème sera resolu ou vous etes renvoye chez vous et vers le service commercial super surtout lorsque cela est un problème recurant,0,1,0,0
1848,"boutique à éviter !!! personnel incompétent et surtout mal aimable je tiens à m'excuser d'avoir dérangé le personnel pendant leur sieste sur leur lieu de travail un service comme orange ce dois un minimum de courtoisie. surtout si vous devez demander un téléphone de prêt suite à une demande de réparation n'allez surtout pas chez eux, ils oublient de préciser que vous l'avez bien rendu, mais ils n'oublient pas de vous prélever 270 euros ( pour téléphone non rendu !!)",0,1,0,1
1380,trop de monde et on ne trouve pas solution à mon problème.,0,1,1,0
1926,aucune solution trouvée à mon problème alors que par la faute d’orange nous sommes en panne depuis presque 15 jours : aucune cohésion entre les différents services et qui trinque ? le client ! alors pour 72 euros par mois j’espérais au moins avoir un service client digne de ce nom ... mieux vaut aller chez red pour 20 euros c’est la même prestation 😬,0,1,0,0
2495,"entré pour pour une carte sim seule a 2.99€ + recharge 20 € , le vendeur enregistre toutes mes demandes et surprise lors du passage a la caisse on m'annonce presque 40 € !! je dit il doit y avoir une erreur et il me dit on ne vends pas de carte sim seule ici, je lui répond pourtant sur internet il y a cette offre. le vendeur me réponds on n'a pas la place en boutique pour tout avoir !!la blague une boutique de plus de 200 mètres carré et ils n ont pas la place pour quelque cartes sim il me dit pour les sim il faut aller au tabac du coin !!! honteux",0,1,0,0
2407,acheter c'est facile...avoir une assistance technique est quasiment impossible.,0,1,0,0
1853,"""conseiller"" qui donne pas des conseils, peu aimable. on se demande a quoi sa sert l'agence quand il faut toujours appeler le service client pour être informé ",0,1,0,1
1686,quand vous rentrer dans la boutique en expliquant que vous avez pas de prise téléphonique mais que vous pensez avoir la fibre et que vous voulez l'offre avec forfait portable au lieu de vous dire que votre bâtiment n'est pas éligible à la fibre il vous font le dossier et quand vous rentrez chez vous vous apercevez que c'est une box classique malheureusement vous avez signez et êtes obligé d'attendre 1an pour résilier !!!! donc reflechissez bien avant d'aller la et quitte à faire répéter et ouvrir la boite pour bien vérifier.,0,1,0,0
799,ma demande (un changement de box consécutif à un changement d'offre fibre) a été traitée assez rapidement et avec amabilité. l'accueil pourrait gagner en clarté en indiquant sur place : - les services réalisables exclusivement par internet ou téléphone - l'emplacement du point d'accueil et son fonctionnement.,0,0,0,0
1597,"mes parents de plus de 80 ans qui ont des problèmes de mobilité et des difficultés avec internet, ont réussi à se faire fourguer dans cette boutique un abonnement pro avec 3 mobiles pouvant appeler partout depuis l'étranger avec 10 g0 d'internet alors qu'ils ne savent même pas comment ouvrir un sms ! quand ils sont revenus rapporter deux mobiles et faire fermer les lignes, non seulement les lignes n'ont pas été supprimées, mais l'agent d'orange a encore augmenté leur forfait mensuel en intégrant leur dernier mobile (qui ne peut se connecter à internet car il a au moins 10 ans) dans leur pack open (près de 370 euros mensuel !!!).  impossible de résilier par téléphone ou par courrier. il faut se rendre à la boutique. j'appelle cela de l'abus de confiance et je compte bien porter plainte contre cette boutique orange que je déconseille vivement !  en dépit de la réponse standard donné ci-dessous,  je le maintiens. c'est après avoir pris contact avec le service orange par téléphone que je l'ai déposé. c'est eux qui m'ont appris que les conseillers de la boutique orange rue du poteau, non seulement n'avaient pas résilié deux des abonnements, mais intégré le 3e dans le pack pro en le rendant ainsi beaucoup plus cher (dixit : pour faire du chiffre et avoir beaucoup de points). mes parents disposaient d'un texte pour expliquer qu'il fallait résilier ces abonnements coûteux.   la personne que j'ai eu au téléphone au service commercial d'orange pro, réprouvait ces pratiques commerciales en agence, mais m'a dit ne pouvoir rien faire, que tout devait être régler en boutique. ce que je vais devoir faire !",0,1,0,0
13,"passage à la boutique orange des champs elysées, seule boutique apparemment ayant un service de dépannage de smartphones. prise en charge par un technicien souriant et aimable après 5 mn d'attente, les réparations ont été effectuées après que les explications (claires et précises) m'ont été fournies. un seul regret : d'apprendre que si une réinitialisation de mon téléphone avait dû être faite, la sauvegarde de toutes mes données m'auraient coûté 9,00 € ttc. ce qui me choque ce n'est pas tant le faible montant de cette opération, mais le fait que la fidélité du client (près de 10 ans chez orange) ne compte pas... j'ai connu orange beaucoup plus attentif à sa clientèle que maintenant. restons positif pour cette opération. 20 mn plus tard, tout était réglé.",0,1,0,0
2497,"alors que cela faisait plus d’un mois que je communiquais avec le service client en chat, qui m’avait d’ailleurs dit deux fois m’envoyer une télécommande (que je n’ai jamais reçue...), qui m’avait dit qu’en boutique personne ne pouvait m’aider, je suis allée désespérée dans cette boutique et mon problème a été résolu en moins de 5 minutes top chrono! merci aux équipes en boutique qui ont été top ! quant aux équipes sav chat....vous m’avez fait perdre mon temps!",0,1,0,0
2194,"au 3900 on me demande de me rendre dans une boutique orange pour un adaptateur pour installer mon tel fixe, mais rien à faire, ils on tout fait pour le faire attendre et rien résoudre. c’est lamentable, je suis allé la car à proximité du travaille, il va falloir chercher une autre boutique ou compagnie de téléphone.",0,1,0,0
2326,"des vendeurs incompétents incapable de trouver une solution à mon problème à base de ""ben on ne peut rien faire"". a trois pour comprendre que j'avais besoin de changer de carte sim et la seule réponse à laquelle j'ai eu le droit était ""le manager il va dire non hein, retourner sur le chat et bon courage"". intellectuellement très limités incapable de faire face à une situation qui sort de ce qu'ils ont l'habitude de traiter. un scandale, et je reste polie.",0,1,0,0
664,"ne servent a rien. le support telephonique m'envoit en agence, je profite d'un conges pour m'y rendre. ils me renvoit vers support telephonique. sim hs depuis plusieurs mois, personne ne veut regarder, ... par contre, les factures, ils savent me trouver ...",0,1,0,0
781,"c'est presque réconfortant de lire ces avis (très) négatifs...on se sent moins seul. j'habite l'arrondissement et le réflexe ""naturel"" était donc d'aller dans cette boutique. je promets que c'est fini...trois expériences lamentables en quelques mois. la moins lamentable était celle où le vendeur était simplement incapable de répondre à ma demande, mais gentiment...pour le reste l'on se demande ce qui autorise nos interlocuteurs de cette boutique à faire preuve de tant de mépris allié à tant d'incompétence. a fuir, absolument, et définitivement",0,1,0,1
1309,"passé a l'instant pour un changement de modèle de la box tv, je suis tombé sur le manager qui était très sympathique et efficace.",0,1,0,1
1629,"fuyez cette boutique. j'ai voulu me faire rembourser des 50€ de frais d'activation tv dont le montant était certes écrit sur le contrat mais qui ne m'avait jamais été communiqué en direct au moment de la signature du contrat. asymétrie d'information. je me retrouve donc à payer 76€ moi qui pensais en payer 25€. je suis forcément bien naïf, c'était écrit en minuscule sur le contrat. bravo au vendeur qui m'a bien lésé lors de la création de mon contrat ! elles sont belles les valeurs d'orange. au passage, gestion désastreuse du litige par le directeur adjoint de l'agence, qui a préféré hausser le ton avec moi en se défaussant de ses responsabilités et en monopolisant la parole. evidemment, il ne peut rien faire pour moi et me renvoie à ma parole contre celle du vendeur. expérience client désastreuse. je ne mettrai plus les pieds chez orange.",0,1,0,0
2577,"aucun sav contrairement à ce est ecrit sur leur entrée de boutique  et ce que les autres agences orange nous disent   ils vous refoulent sans ménagement vers opera ou république qui eux nous disent que c'est un abus de leur part. vendre oui, mais sav allez vous faire f...., bravo de ceux qui, comme moi, sont handicapés;  conseil: internet est moins cher que ce marchand de soupe et pour exactement les mêmes mes services, c'est a dire zero .",0,1,0,0
579,"télécommande en panne. retour au magasin. prise en charge rapide. nouvelle télécommande, en 10 minutes c'était réglé ! top",0,1,1,0
682,aucune aide sur place il faut appeler 390p,0,1,0,1
679,"a première vue très bonne prise en charge du client, bonnes explications, etc... ce n'est qu'un an et demi après avoir souscrit une assurance mobile dans cette boutique que je me suis aperçue que le vendeur avait rempli mon contrat avec de nombreux éléments manquants ce qui m'a donc empêché de bénéficier de cette assurance que j'ai pourtant payé pendant tout ce temps. en effet, celui-ci à bien mis mon nom dans la partie de l'adhérent mais n'a même pas pris la peine de l'écrire entièrement dans la partie du bénéficiaire (il a seulement mit la première lettre). ainsi, chaque mois un montant était débité sur mon compte pour une prestation dont je n'aurai jamais pu bénéficier. un conseil : lisez bien chaque ligne des contrats que vous souscrivez dans cette boutique (quite à ce que cela leur fasse perdre 15minutes). ces vendeurs doivent prendre en charge le plus de clients possible et c'est pour cela qu'ils bâclent leur travail.",0,1,0,1
2112,"suite au changement d'un tel, je n'avais plus accès à ma boîte mail et je voulais transféré mes contacts  et mes photos. au bout de 1h30 rien a été fait, en plus il a supprimé mes contacts( technicien nul).",0,1,0,0
2457,"je n'ai pas eu d'attente, mais été vraiment déçu de l'accueil du personnel (un garçon en bas posté au point express). je venais pour une recharge, que j'ai obtenue, donc pas de problème à ce niveau là. mais je lui ai signalé qu'il y avait d'autres soucis avec ma ligne (impossible de recharger mon compte mobicarte en ligne, impossible d'appeler le 224, impossible de recharger par carte bleue via #123#), et l'on m'a simplement dit ""ah c'est bizarre je sais pas"" avant qu'il prenne le client suivant sans m'indiquer comment régler mon problème. vraiment décevant.",0,1,0,1
543,"samedi 02 septembre, j'achète un s7 edge à belle épine.de retour chez moi à paris,je me rends compte que la carte sim est défectueuse. je décide donc d'aller à orange alesia pour me la faire remplacer... ce n'est pas de notre ressort, il faut retourner à belle épine..ce qui revient à dire: nous n'avons pas vendu cet appareil, débrouillez vous...je n'ose pas imaginer si j'avais effectué mon achat en province... tout cela pour dire qu'il ne faut surtout pas aller dans cette boutique....",0,1,0,1
1333,"conseillère à l'ouest qui parle trop fort, totalement perdue sur son ordinateur, c'est moi qui devais lui dire quoi faire... tout ça pour me retrouver avec quelque chose que j'aurais pu faire moi-même en 1 minute sur le site.",0,1,0,1
1610,"personnel peu enclin a vous aider. ils ont commence le transfert de mes donnees d'un telephone sur l'autre et non pas fini, ai ete oblige de refaire une installation complete.",0,1,0,1
815,"incompétent, la boutique orange au 1er étg italie 2. je ne pouvais pas appeler ni envoyer des msg avec mon portable et il a dit que c'est un problème de réseaux chez orange, il faut attendre que ça se répare et il m'a renvoyé à bastille et en bas au sous -sol et la boutique orange en bas dit que ce n'est pas pour des pros, il faut aller à bastille pour acheter une nouvelle carte sim car ce n'est pas un problème de réseaux. je suis allée à la boutique orange à bastille et c'est fermé pour travaux.",0,1,0,1
624,super conseil très pro,0,1,0,0
2269,"excellent service aujourd'hui, je recommande vivement cette boutique orange. le personnel était très sympathique et l'agent qui m'a aidé dans le processus était très bon et compétent. je recommande vivement ce magasin. christopher robert noland",0,1,0,1
687,no pueden solucionar ningún problema con sim cards que pertenecen a ellos. malísima la atención!,0,1,0,1
1216,"a éviter à tout prix ! alors que nous avions rendez vous pour échanger un décodeur tv (après contact avec la hotline orange qui avait prévenu la boutique), on nous a tout simplement dit qu'ils n'en avaient pas de nouveau à nous donner, sans avoir plus d'explication, on nous a parlé de manière vulgaire et agressive avant de complètement nous ignorer !! je n'ai jamais vu un tel manque de respect de la part du personnel, tout le monde dans la boutique était choqué. nous avons donc été obligés de trouver une autre solution par nos propres moyens. conclusion : aucune aide, incompétence et irrespect total. bon courage si vous allez dans cette boutique !",0,1,0,1
1621,"déçue pour les explications du vendeur et ma box ne fonctionnait pas, j'ai dû la changer 4 fois, zéro!!!!",0,1,0,1
1106,"une catastrophe! ne laissez pas votre mobile entre leurs mains, mon galaxy m'a été rendu avec un coup de cutter sur la touche principale! ",0,1,0,0
542,"je tiens à préciser que cet appareil a été acheté à la boutique orange belle epine. si on s'en tient au raisonnement du vendeur de la boutique d'alésia, c'est comme si j'achetais une peugeot à lyon et que je ne peux pas la faire réparer à paris...cherchez l'erreur...",0,1,0,1
1216,"a éviter à tout prix ! alors que nous avions rendez vous pour échanger un décodeur tv (après contact avec la hotline orange qui avait prévenu la boutique), on nous a tout simplement dit qu'ils n'en avaient pas de nouveau à nous donner, sans avoir plus d'explication, on nous a parlé de manière vulgaire et agressive avant de complètement nous ignorer !! je n'ai jamais vu un tel manque de respect de la part du personnel, tout le monde dans la boutique était choqué. nous avons donc été obligés de trouver une autre solution par nos propres moyens. conclusion : aucune aide, incompétence et irrespect total. bon courage si vous allez dans cette boutique !",0,1,0,1
707,c'est la troisième fois que je pénètre dans cette boutique. je me demande pourquoi je viens encore. toujours aussi déplaisants et incompétents. boutique à fuir et encore je suis gentil.,0,1,0,1
488,bonjour bon accueil sav décodeur pour ce qui me concerne appareil remis immédiatement contre sms cordialement,0,1,0,1
2461,accueil peu commercial...mais grande gentillesse du technicien breton qui a rétabli la connexion internet en changeant le  mot de passe à près piratage.  hélas deux jours d  e mails perdus sans retour.prejudice professionnel sérieux.,0,1,0,1
2342,prise en charge rapide et bons conseils,0,1,0,1
2386,pendant trois semaines ligne ça marche pas...( internet maison. téléphone fixe. 4 numéro de téléphone portable) je pense que nous avons des raisons tout pour apporter une action à votre entreprise... votre entreprise dispose de tous les documents pour la procédure de connexion... la raison de l’absence de connexion que nous ne comprenons pas.... votre société porte atteinte à nos droits les droits des consommateurs...,0,1,0,1
1408,"edit du 18/01/2019 en plus d'avoir ouvert mon compte orange bank avec des infos fausses, je n'ai pas reçu le bonus client orange de 40 euros car l'employé ob de cette boutique st-antoine n'a pas été capable de scanner correctement la facture livebox qu'il avait imprimée. orange bank m'informe que la facture fournie est illisible.  pas sérieux   suite à un appel auprès du service technique et organisation d'un échange de décodeur défectueux, je viens dans cette agence qui m'a été communiquée par le service technique justement parce qu'elle avait le matériel en stock alors qu'il n'était pas dispo à l'agence près de chez moi (nation). la personne qui prend en charge mon dossier me dit que le décodeur n'est pas dispo et me dirige vers l'agence opéra. je lui fais part de mon étonnement et insiste.  il me propose alors d'appeler le service client pour demander l'échange contre la nouvelle version moyennant 10€. je ne comprends toujours pas qu'il ne puisse pas prendre la décision.  miracle, un décodeur est finalement dispo  car ""un client n'est pas venu chercher sa commande"".  puis il me démarche avec insistance pour l'ouverture d'un compte orange bank.  son collègue porteur d'un badge orange bank prend le relais et procède à l'ouverture du compte.  a la réception de mon contrat, je m'aperçois que les infos de mon profil sont fausses, il a sélectionné la 1ère valeur proposée pour chaque champ.  je repasse le voir et il m'indique que ces données n'ont aucune importance !!!",1,1,0,1
715,"j'y suis passé ce matin pour un remplacement de carte sim, j'ai été tout de suite aiguillé vers une personne très aimable qui n'a, malheureusement, pas pu résoudre mon souci suite à une portabilité incomplète de mon précédent opérateur mais ce fait n'est pas de leur responsabilité.",0,1,0,1
2232,j'ai acheté un téléphone et j'ai demandé à la personne de le transférer les photos mais cette manipulation n'a pas été faite correctement suis très en colère car je tenais beaucoup à ses photos et je ne pourrait plus jamais avoir de photo de cette personne car décédé je ne vous remercie pas cette personne avait 30 ans,0,1,0,1
2602,boutique qui ne résout pas vraiment les problèmes rencontrés par cette société.,0,1,0,1
1860,très bien reçu bonnes explications,0,1,0,1
1809,ils n'ont pas voulut convertir une micro sim en nano sim,0,1,0,1
2277,accueil décevant mais prise en charge technique parfaite.,0,1,0,1
1842,"suite à l'achat d'un film verre (cache) xperia, je vais à la boutique pour la 3ème fois,  vers les 18h ce mercerdi ,afin de rencontrer le responsable qui est en entretien tél,  l'un des vendeurs me dit de revenir ds 1/4 , après je le croise dans le magasin il faisait l'inventaire, c'est tout juste si moi j'allais pas prendre aussi ma douche !!! il me bloque cache en me disant je ne rembourse rien, je n'avais même ouvert la bouche..il prend même pas la peine d'écouter, aucun respect alors que je me suis adressée au sav de xpéria, qui m'ont recommandé d'aller en boutique...tout le monde se renvoie la balle, mais pour un responsable il est utile de savoir écouter ou communiquer, maintenant que j'ai croisé le responsable je comprends la bonne humeur de ce magasin...c'est un pti monsieur quelconque d'une 50è d'années voir plus, dégarni et aucuns sourires..il faisait l'inventaire trop préoccupé par ses responsabilités...je comprends pourquoi j'ai pas envie de rester chez orange",0,1,0,1
1302,"accueil en agence horrible. aucune solution aux problèmes rencontré est proposé. les employés du magasin ne vous écoute pas et vous tourne le dos en pleine conversation, ils sont hautins et méprisant. service client plus que médiocre.",0,0,0,1
2142,"après 1,5 mois d'erreurs de mise en place, et de mauvais matériel envoyé, on arrive enfin à avoir la livebox fonctionnant chez nous. on rend notre matériel en agence, et on reçoit ensuite des courriers de mise en demeure de matériel non envoyé car évidemment l'agence ne communique pas avec les autres services. je retourne à l'agence aujourd'hui, et l'agent accueil me reçoit de manière déplorable : c'est ma faute si j'ai rendu le matériel en agence et pas par chronopost. oùest le client ? pourtant rien ne vous avait été dit la fois précédente. bref heureusement un responsable est à la rescousse, et a débrouillé l'affaire en prenant du temps, et en faisant son travail. merci à lui ! mais quel parcours du combattant pour le client pour juste avoir une livebox.",0,0,0,1
1546,"un grand merci à julien qui a été professionnel, efficace et précis lors de ma souscription à une box. je m'étais trompé dans mon adresse et en revenant il m'a refait mon contrat sans aucun problème. j'espère qu'il grimpera vite les échelons pour former de futurs conseillers de vente aussi agréables et performants que lui. je suis satisfait.",0,0,0,1
2637,"the worst customer experience in my life! never go there if you are not french or you don't speak fluent french. the service did not work but the sales forced me to pay otherwise he's gonna call the police. never had this experience in another country around the world. i guess it only happens in france. après la fin de mon contrat chez sosh, je suis automatiquement passée sur un forfait mobicarte. j'ai acheté une recharge internet qui n'a jamais fonctionné malgré une configuration correcte de mon mobile. je suis donc allée en magasin pour résoudre ce problème. le vendeur a changé ma carte sim et crédité mon compte de sans mon consentement. après avoir constaté que le problème subsistait toujours, il a eu l'audace de me demander énervé et d'un ton insultant de payer cette recharge, m'accusant de vol si jamais je ne payais pas.",0,1,0,1
1254,super vendeur  didier,0,0,0,1
363,beaucoup de personnel,0,0,0,1
433,le même produit (téléphone mobile) coute 100 € plus cher quand vous êtes en business orange (pro). une bonne blague car l'abonnement pro coûte en plus plus cher. aucune marge de souplesse chez les vendeurs. lamentable !,0,0,0,1
2152,personnel non professionnel. je venais pour prendre un abonnement téléphonique et changer de téléphone. une femme de l'accueil prend mes coordonnées et m'indique que je vais être appelé sur mon portable en anonyme par un vendeur dans les prochaines minutes. je n'ai jamais été appelé. j'attends encore à ce jour leur appel téléphonique. le magasin était pourtant peu rempli. qui est donc le directeur de cet établissement? peut-être était-ce cette jeune femme en uniforme orange qui a poussé la sono à fond et s'est mise à danser au milieu de la boutique sur une musique disco (anecdote véridique...) alors que j'attendais désespérément que l'on s'occupe de moi...,1,0,0,1
1847,"a eviter absolument !  j'y ai passé environ 2h pour un problème de téléphone et d'abonnement, la personne qui s'occupait de moi est partie déjeuner en plein milieu de la conversation... et m'a conseiller d'appeler le service client... à quoi cela sert-il d'aller en boutique si c'est pour être reçu comme cela ? je me suis ensuite limite fait insulter par le gérant car ils n'etaient pas capable de faire ce que le service client avait dit.  ils sont totalement incompétents et pour chaque problème ils vous conseilleront d'appeler le service client orange.  les vendeurs sont là pour draguer les jeunes filles, et envoyer bouler les mamies. absolument pas commerçant, je vous deconseille vivement d'y aller, à moins d'avoir envie de passer une mauvaise journée...",1,0,1,1
422,attente debout quelques places assises (3 /4) personnel correct.,1,0,0,1
2561,"si je pouvais mettre 0 étoile je le ferais, 25 ans que ma mère est chez orange, payant 110euros par mois, et orange n'est pas capable de vendre un téléphone avec une procuration et une copie de la pièce d'identité. scandaleux.",0,0,0,1
1163,très bien. boutique un peu petite mais  personnel sympathique et à l'écoute.,0,0,0,1
1340,vendeur très compétent et efficace,0,0,0,1
1011,"le manager est un énorme enfant de péripatéticienne. et je pèse mes mots. vous avez le moindre problème avec votre contrat orange/sosh ? c'est donc votre problème et non le sien. bravo, quel humanisme, quel respect de ses semblables.",0,0,0,1
1804,boutique qui ne respecte pas ses horaires ... a éviter,0,0,0,1
1102,"séverine m'a aidée pendant plus d'une heure à résoudre mes problèmes de téléphone : équipe disponible, à l'écoute, patiente. je recommande à 100% !",0,0,0,1
1400,"techniques de vente très agressives, vendeurs pas à l'écoute (sauf une vendeuse), et plus intéressés par ce qui se passe autour du tabouret sur lequel ils sont perchés que par prendre en compte les besoins du client! vous allez répondre  que vous êtes  désolés, mais je le suis encore plus que vous...",0,0,0,1
2506,"les vendeurs sont à l'écoute, bonne boutique orange",0,0,0,1
50,je confirme tous les avis négatifs déjà laissés par les autres internautes. service peu agréable et qui invente des règles douteuses (le permis de conduire non accepté comme pièce d’identité...).,0,0,0,1
1083,"après un passage éprouvant moralement et financièrement dans cette boutique, je me demande s'il n'y à pas pression sur le personnel qui à bien du mal à faire face aux demandes sans formation réelle sinon celle de forcer la vente sans être réellement à l'écoute des besoins des clients.  j'ai mis plein d'étoiles pour le conseiller vendeur qui a fait de son mieux mais qui devait être sous pression je pense.  de plus sur france inter, ce dimanche matin, l'on parle d'orange, entre autres de la pression aux sondages clients, certains managers étant poussés à faire de faux avis pour booster leur équipe, s'ils se font pincer, ils sont parfois licenciés....dur dur ...!!!!  pour finir, après avoir dépassé le budget prévu en boutique et suite aux manipulations faites sur mon nouveau smartphone, j'ai eu la surprise supplémentaire le mois suivant d'une facture de consommation de 92 euros au lieu des 40 euros habituels !!!   etant retraitée avec une petite rente de 1100 euros par mois, j'ai trouvé que nous vivions tous vraiment dans une drôle de société ...   bien cordialement à tous",0,1,0,1
1981,boutique très visible dans l'avenue avec une equipe de conseillers très compétents. bravo !,1,0,0,1
1244,personnels à l écoute et très sympathique,0,0,0,1
2639,très bon vendeur !,0,0,0,1
1683,"bien accueilli hier, lundi 18/12/2017. hervé s'est bien occupé de moi et m'a orienté dans mes choix d'internet/portabilité. il est même resté 15 min après la fermeture suite à un problème technique avec le système. bonne expérience.",0,1,0,1
1976,très bien rapide et de bon conseils merci,0,0,1,1
1104,pas un client dans la boutique quand j'arrive. je voulais echanger mes points contre un nouveau telephone. le vendeur me dit d'aller voir dans une plus grande boutique (champs elysées) car ici ca prendrait trop de temps. et dire que ces gens sont payés! ils ne meritent pas un quart du smic.,0,0,1,1
1773,personnel qui vous rajoute des assurances sans demander votre avis se méfier. pas contente du tout,0,0,0,1
2608,personnel pas assez écoute clients,0,0,0,1
178,tres bien accueillie par mlle ines et tres bien servi par mr thomas,0,0,0,1
1760,"boutique orange très correcte. agent à l'entrée qui régule bien les clients pour l attente, très  aimable et très efficace les conseillers sont aussi très pro gc 92",0,0,1,1
1055,très bon service très pro. un grand merci à kelly qui fût d'une grande patience et de bon conseil.,0,0,0,1
1602,"je suis venu dans ce magasin pour changer de téléphone et éventuellement mon forfait. j’ai été reçu par un vendeur peu dynamique, pas du tout motivé. déçu je suis allé dans une autre boutique (orange opéra) pour un meilleur service client.",0,0,0,1
2565,"alors que changer de mobile demande quelques clics en ligne la même opération devient kafkaïenne dans cette boutique. quand on s'en étonne, un responsable qui refuse de donner son nom vient expliquer qu'il s'agit de mesures anti-terroristes et appelle la sécurité... téléphone finalement commandé en ligne sur le trottoir en moins d'une minute. absolument ridicule !",0,0,0,1
314,"très sympa un magasin orange de qualité, moderne propre et le personnel agréable et souriant ! je conseille.",1,0,0,0
1773,personnel qui vous rajoute des assurances sans demander votre avis se méfier. pas contente du tout,0,0,0,1
1964,pas beaucoup d'aide....sont là pour vendre point final. décevant,0,0,0,1
616,aucuns professionnalismes,0,0,0,1
1668,les mecs insinuent que j'ai cassé le produit en un mois d'utilisation sans chute et me laissent une boîte vide en retour ! bien joué du jamais vu ! un produit a 120 euros c'est quoi cette relation client ???!!!!,0,0,0,1
1196,"bonjour à toutes et à tous ,  fuyez cette boutique comme la peste! personnel incompétent et se permet d’être négligeable avec sa clientèle.  3 allez retours en boutique suite au professionnalisme de ces incompétents.",0,0,0,1
1041,"ne mérite aucunes étoiles le vendeur me propose de compléter mon offre internet avec un mobile. je résilie donc mon offre chez bouygues. ce dernier m'affirme que ma facture sera de 15euros de plus par mois et je me retrouve avec un forfait mobile de 34,99... et de plus, il m'a confirmé d'avoir résilié une option ""ciné"" que je n'utilisais et finalement cette option est toujours active.  j'avais fait confiance à ce vendeur et ce dernier en a bien abusé. dès mon retour de vacances, je viendrai en personne afin davoir des explications et un geste commercial car on ne prend pas les gens pour des cons ! a contrario, j'irai chez le concurrent sans aucuns scrupules. (heureusement qu'il existe des pro tout de même... merci à cette conseillère du service client)",0,1,0,1
1488,"pratiques commerciales honteuses, les vendeurs tentent par tout les moyens de refourguer leurs vieux modèles... a fuire pas de droit à la résiliation",0,0,0,1
2060,très peu de services disponibles,0,0,0,1
2042,très bon service et bonne écoute.  aurais 5 étoiles si seulement ils étaient mieux staffés.,0,0,0,1
329,excellente expérience client,0,0,0,1
1170,"super accueil de toute l'équipe, très professionnel et bravo au futur papa poule  ! ! ! je suis venu 3 fois avec 2nouveaux abonnements...",0,0,0,1
1061,"acquéreur sur les conseils de si hem d'un smartphone hauwei p 30 pro dans des conditions particulièrement avantageuses, j'ai été reçu par elle  et par david d'une façon tout à fait remarquable. non seulement ils ont manifesté à mon égard beaucoup de patience, mais encore j'ai pu constater dans nos rapports que leur gentillesse n'avait d'égale que leur compétence.",0,0,0,1
985,accueil désespérant aucune aide et information inexistantes  stock iphone apple max 64go est impossible de savoir les disponibilités dans les autres magasins.  conclusion déplacement pour rien  perte de 25€ de taxis. écœure à 100% de cette agence.,0,0,0,1
1180,excellent service avec prise en compte de tous les besoins du client *****,0,0,0,1
903,"incompétence chronique du personnel de la boutique, informations errronées, il est temps de retourner rapidement en formation afin de combler les lacunes sur les connaissances de leurs propres services",0,0,0,1
1767,"incompétents. et désagréables en plus. et n'ayant pas la bonne foi de le reconnaître. un samedi après midi perdu grâce à cette petite agence sans aucun service. lui préférer nettement l'agence d'opéra où j'ai finalement pris les deux forfaits de mes deux filles. service impeccable, accompagné d'un sourire et d'un café. what else ...?",0,0,0,1
1838,vraiment pas très tolérant ne fais aucun effort pour nous expliquer déçu,0,0,0,1
1864,service pourri.  rarement vu autant d'incompétence.  je ne recommande pas du tout. en plua d'être betes et incompetents ils ne savent pas parler a leurs clients. je ne suis pas etonnée de voir autant de gens s'enerver dans cette boutique lors de mes 3 dernieres visites,0,0,0,1
600,pour moi c'était très bien. l'accueil faisait un peu usine mais une fois avec le conseiller tout s'est bien passé j'ai pu avoir la box et l'offre adéquate (il faut dire qu'entre geeks on se comprend),0,0,0,1
2524,très professionnels .,0,0,0,1
964,excellent service. merci ouanis,0,0,0,1
2086,présent pour aider. mais n'as que rarement les infos. obliger tjr d'attendre 15min pour que le vendeur se renseigne et te donne des infos approximatives,0,0,1,1
640,"un grand merci à bouna qui m'a aidé à trouver un téléphone qui correspond totalement à mon usage et mes attente ! merci pour le service, l'accompagnement et la synchronisation des données. très à l'écoute et sympathique, quel bonheur de tomber sur lui.",0,1,0,1
1932,un peu d attente,0,0,1,0
595,nul trop long pour une carte sim pour ma maman heureusement que moi je suis  chez bouygues . :(,0,0,1,0
1886,attente insupportable. des personnes arrivées après moi sont passées devant moi. on m'a vendu un appareil complètement inutile pour mes vacances. je suis vraiment en colère car j'ai fait confiance au commercial. j'aurai dû me méfier car la surprise m'attendait à la facture suivante. des options non contractées m'ont été imputées à tort. heureusement que le service client est plus réactif et respecte réellement la clientèle.,0,1,1,1
1526,"je suis allé ici pour une carte sim. l’attente pour obtenir le service a pris trop de temps, environ vingt minutes, pour acheter deux cartes sim.",0,0,1,0
2532,attente interminable. désorganisé.,0,0,1,0
2599,très aimable et explications très claires nous y sommes  allés 2fois. la deuxième fois nous avons attendu 3/4d heure mais c était l'heure de midi.la première fois vers 10 ultra rapide,0,0,1,1
1993,l'attente est souvent longue mais les vendeurs sont sympas,0,0,1,1
2388,clairement pas assez de personnes pour traiter les demandes des clients. j'étais passez chez apple en face on m'a répondu et j'ai pu acheter mon produit sans attendre. chez orange il y avait 17 personnes devant moi.,0,0,1,0
1831,avant c était un accueil pas cool et employés peu sympas mais depuis peu personnel aimable et pro ouf! dommage toujours de l attente mal gérée dinon ok,0,0,1,1
191,beaucoup de personnel avec peu d'efficacité. attente interminable,0,0,1,0
2441,venu pour l’achat un téléphone. attente d’une heure alors qu’il n’y a que 3 personnes... au final pour que le service me dise que le conseillé a oublié de m’appeler.,0,0,1,1
1772,"attente interminable, mauvaise gestion de la file d'attente",0,0,1,0
2364,conseillers agréables peu d’attente et idéalement situé,1,0,1,0
1194,beaucoup d attente mais professionnel,0,0,1,1
2503,personnel accueillant et compétent mais longue attente souvent.,0,0,1,1
1235,service tellement lent,0,0,1,0
1394,attente trop longue,0,0,1,0
2573,"bcp de monde, un peu d'attente. personnel compétent et qui prend le temps de vous aider. bonne impression générale.",0,0,1,1
989,pas trop d'attente,0,0,1,0
192,"trop d attente, comme les autres boutiques.  très bon accueil",0,0,1,1
1297,"il y a de l'attente à certains moments de la journée car 2 conseillers pour la boutique. par contre, ils sont honnêtes et connaissent leurs produits et services.",0,0,1,1
1064,peu d'attente et bien organisé,0,0,1,0
643,attente 1h à 1h30  l enfer,0,0,1,0
2585,rapide et efficace,0,0,1,0
636,"service deplorable. je me rends en boutique pour échanger une box défectueuse. j'ai commandé la box de remplacement en ligne et reçu une notification comme quoi elle était arrivée.  j'ai attendu 30 minutes en boutique pour qu'un personnel malpoli m'explique que mon colis n'est pas arrivé. selon lui, si j'ai reçu un sms comme quoi le colis est arrivé aujourd'hui, c'est qu'il arrivera demain. sa logique me dépasse.",0,1,1,1
2583,pas très marrant d'avoir une urgence téléphone et constater que la boutique ferme 40 min à l'avance! surtout que le dimanche tout est fermé évidemment.,0,0,1,0
344,"attente très longue. une demi-heure d'attente, (pourtant, pas vraiment à une heure d'affluence), juste pour rendre du matériel (ce qui a pris 5 minutes).",0,0,1,0
814,"juste minable, une fois qu'on vous a enregistré à l entrée, on vous place comme une bête de foire dans la boutique et après plus rien... aucun vendeur, personne ne vous répond... super. pensez à poser un rtt pour n'importe quelle opération car c'est pire que la poste",0,0,1,1
2406,"boutique tres elegante, personnel agréable mais attente très longue : 45 minutes pour récupérer un téléphone déjà payé.",1,0,1,0
278,"« bonjour je voudrais un câbles rj11/rj11 s’il vous plaît »... « avant il faut vous enregistrer, donner votre nom puis patienter »... patienter... patienter... comme à la préfecture... « rj11 ? je ne connais pas ? c’est pour quoi ? » euh pour brancher un téléphone... « ah bah ici y en n’a pas! »  merci orange pour votre personnel qualifié ! sans parler de l’attente...",0,0,1,1
1376,compétents et efficaces mais il faut prendre rendez-vous sinon vous y passez un temps infini,0,0,1,1
1966,30 minutes d attente pour aucune réponse à notre problème et pour nous renvoyer à rappeler le service clientèle qui nous fait attendre 20 minutes pour nous raccrocher au nez,0,0,1,0
25,"bel endroit, mais une attente infinie pire qu'une administration.",1,0,1,0
233,"la jeune femme était très professionnelle, compétente et agréable.  par contre 30' d'attente, que 2 techniciens en plein vendredi apm.  cordialement",0,0,1,1
1487,attente de 20mn pour s entendre dire qu il faut se faire enregistrer le tout pour un article en rupture de stock,0,1,1,0
1676,"mais quelle expérience désastreuse ! je ne peux qu’aller dans le sens des commentaires précédents. quelle honte ! 45 mn d’attente pour acheter un chargeur ! aucun bonjour, des vendeurs désagréables, voir agressifs et ironiques, un service désorganisé, un manque de conseils, un mépris des clients clairement revendiqué...  une expérience désagréable pour la deuxième fois qui m’amène à m’interroger en tant que cliente orange sur mon souhait de rester cliente d’une telle enseigne !",0,0,1,1
1830,"scandaleux, 4 vendeurs pas un bonjour. 30mn que j'attend alors qu'un des vendeurs parle de la coupe du monde de foot, l'autre parle de sa belle mère avec 2 clientes depuis 15mn.  la dernière fois que j'étais venu ils refusaient l'entrée 30mn avant l'horaire de fermeture.  une affiche indique : ""toute agression physique ou verbale fera l'objet de poursuite...""  l'impression d'être dans un centre des impôts en quartier sensible.  ps: 45 mon plus tard enfin à moi mais les 2 vendeurs ont disparu... sans doute en pause ...",0,0,1,1
375,lenteur et problème d organisation,0,0,1,0
672,des conseils appropriés. l'attente un peu longue,0,0,1,1
987,.trop d'attente.insupportable trop de stress,0,0,1,0
2529,service trop long.,0,0,1,0
395,"pas mal, pas trop d'attente",0,0,1,0
1540,1h30 d’attente pour un service irrespectueux.,0,0,1,1
2367,"je suis  venu ici pour  acheter  un téléphone... d'abord il faut  s'enregistrer à l'entrée mais si vous avez  raté  cette étape  vous pouvez  toujours  attendre.... j'ai  demandé à un agent pour cet achat, ce dernier  me répond gentiment je me n'occupe  pas de la vente mais de l'accueil sans me demander  si je ne suis  enregistré en me laissant  chercher un autre agent...  je pousse  alors des paroles d'énervement on me répond  qu'il y'a du monde... et ce même  agent m'enregistre dans la file d'attente en me donnant un buzz.. l'attente dure  plus de 30 minutes.... j'observe les balades  des agents de ce magasin... oui  balades...  certes je ne sais pas qui s'occupe  de quoi mais je vois très souvent deux agent s'occupant d'une même  personnes et moi, j'attends... mon buzz m'informe depuis plus de 15 min qu'il y a toujours  3 personnes devant moi...  35 min passent...  voilà une expérience intéressante... le conseil  peut-être  attentionné... mais voir des agents se balader...avec leur tablette blanche et leur badge...  pendant  35-40 min  pour 3 personnes. est ce de l'efficacité ?  ....45 min maintenant  et toujours  rien...  je veux juste acheter  un téléphone... j'abandonne...",0,0,1,0
2558,"un peu d'attente, mais c'est le succès. rapidité dans la compréhension de notre besoin. bref top",0,0,1,1
1374,le personnel est sympa..toujours du monde donc il faut prévoir une attente..,0,0,1,1
1547,attention le temps d'attente est très long,0,0,1,0
1696,"45 minutes d'attente pour un renseignement! pas pressé de servir les clients. accueil de m****, vendeur incompétent, au final jai trouvé la solution a mon problème sur internet via un forum orange !! (comment configurer mon hotspot wifi)",0,0,1,0
1718,temps d'attente extrêmement long !,0,0,1,0
2134,"pour des renseignements sur l'abonnement et l'utilisation de la tablette et du mobile. trop de clients pas assez de personnel. chez certains ""fai"" c'est pire vous n'avez même pas où vous asseoir.",1,0,0,0
2127,beaucoup d'attente,0,0,1,0
1115,attente toujours très longue,0,0,1,0
1930,"client premium, attente conséquente",0,0,1,0
592,beaucoup d'attente (environ 30 minutes) du fait que les vendeurs soient obligés de dépasser leur rôle et de jouer les pédagogues avec des clients pas très doués... ils sont vraiment patients... accueil aimable et professionnel.,0,0,1,0
789,je viens juste pour acheter un téléphone fixe qui a juste a être encaisser. ok me laisse attendre devant la caisse pendant 20 min alors que 3 conseillers brasse de l air pour rien et rigole entre eux. inacceptable surtout en période de noël!!!,0,0,0,1
319,très bon accueil mais attente un peu longue malgré un rendez vous pris la veille en service pro.,0,0,1,1
1879,temps d'attente imprévisible,0,0,1,0
737,"ça fait deja 30 minutes que j'attend dans le magasin. a l'accueil c'est deux personnes devant moi qui étaient annoncés. si comme ça on traite les potentiels clients, je veux pas savoir la qualité du service",0,0,1,0
120,45 mn de retard a l ouverture ....,0,0,1,0
1891,parfait. rien à signaler,0,0,0,1
1515,convivialité,0,0,0,1
1828,superbe boutique. équipe jeune et dynamique.,1,0,0,0
1186,efficace,0,0,0,1
2539,très bien professionnel,0,0,0,1
2143,"prise de rendez vous pour bénéficier une offre de reprise avantageuse pour mon téléphone. le commercial ne connaît pas l'offre puis me propose un prix qui ne correspond en rien à l'offre reçue par mail. on m'indique ""qu'il ne faut pas croire tout ce qu'il y a dans les pubs"".. ah bon ? il me semblait pourtant que celles ci étaient réglementées. nullisime au possible. aucun geste commercial, jetais partant venu dans l'optique de regrouper d'autres forfaits auprès d'orange... ça ne sera pas le cas malheureusement.",0,0,0,1
1450,le top de service orange paris par expérience.,0,0,0,1
1855,il sont très pro et agréable une bonne équipe au service de la clientèle,0,0,0,1
2638,"worst service ever!!!!  no will to help, they ripped us off",0,0,0,1
1699,"un personnel scandaleux, désagréable et agressif ! vous venez de perdre un client, et au vu des clients précédent qui sont partis énervés vous n'en avez pas perdu qu'un.",0,0,0,1
370,ils sont très professionnels et prennent le temps de s'occuper de vous,0,0,0,1
2496,solution rapide et efficace ! très pros !,0,0,0,1
1931,magasin refait a neuf mais.... vendeur désagréable! j'ai jamais vu ça!  hautain et je m'en foutisme de l'extrême! on ne reviendra plus. super image d'orange ! si je pouvais mettre une note négative je l'aurai fait! fuyez,1,0,0,1
2067,super bien servi !,0,0,0,1
655,des choses intéressantes,0,0,0,0
1786,excellent service,0,0,0,1
1596,"service client inexistant.  si vous voulez être expédié en 2 minutes sans aucun conseil : n'hésitez pas, allez dans cette agence.  lamentable",0,0,0,1
242,"très mauvaise expérience. il semble donc que la grande et belle boutique orange des champs élysées, vitrine de la marque, ne vende aucune autre recharge que le fameux ""pack holiday"", une offre scandaleusement plus chère que toutes les autres, destinées à de pauvres touristes n'ayant aucune idée que depuis free, il n'est pas normal de payer un forfait 40 euros. si l'on veut acheter autre chose, on nous redirige vers un bureau de tabac. comment alors enregistrer la carte sim ? il faudra envoyer un coupon par la poste, avec photocopie du passeport etc, bref tout est fait pour vous inciter à acheter ce pack à 40 euros, seule solution pour vous éviter de perdre une matinée de vos vacances à chercher un tabac, une photocopieuse et une poste. et bien sûr, si vous souhaitez faire remonter votre mécontentement, vous êtes rédirigé vers le site internet, ou bien le 3900, plate-forme sur laquelle l'on vous dira que votre appel ne peut aboutir car la ligne est trop encombrée.",0,0,0,1
110,"fuyez cet endroit! un peu défraîchi d'un voyage de 26h, les hôtesses me barrent la route pour l'accès au magasin. j'explique ma situation et ma demande. le magasin était vide, malgré cela j'ai attendu 10-15min, j'ai fini para abandoner et aller chez la concurrence. on vous juge dès l'entrée du magasin et on vous ferme les portes d'office. je pensais qu'au 21eme siècle, c'était fini, apparemment non.",0,0,0,1
1652,excellent service,0,0,0,1
1090,très bon conseil et très disponible,0,0,0,1
436,"〰️✴️〰️✴️〰️✴️〰️✴️〰️✴️〰️✴️〰️ 😤😤  achat d'un tél pourri. 😖😖 〰️✴️〰️✴️〰️✴️〰️✴️〰️✴️〰️✴️〰️  .         👉 mauvais conseils techniques. honteux. des omissions sur les caractéristiques produit. .         👉 si j'avais été plus honnêtement conseillé, j'aurais fait un choix très différent. .         👉 je regrette amèrement mon ancien téléphone.  bien sûr que lorsque l'on a un budget limité, on se dirige vers un compromis performance/prix. le client le sait. le vendeur (enfin ""conseiller"" chez orange) le sait.  étant en train de créer mon activité, certes je fais attention à mon argent, cependant j'ai besoin de prendre des photos, et en particulier des vidéos avec une netteté... oserais-je dire réelle et avérée. c'est nécessaire lorsque l'on doit alimenter une page facebook pro.  c'était justement la motivation centrale de mon changement de smartphone. dû à l'usure, les photos étaient désormais toujours floues. je n'avais pas vraiment envie d'un samsung. j'étais heureux du constructeur que j'avais avant.   de tout cela, je m'en étais ouvert à mon conseiller. nous avons parlé ""objectifs"", ""doubles objectifs"", ""triples objectifs"", millions de pixels... mon conseiller a pris le parti de favoriser le budget mais a totalement négligé le critère déterminant : la netteté des images et des vidéos.  résultat : j'aurais mieux fait de ne pas changer de téléphone. le nouveau ne corrige en rien les dysfonctionnements du précédent. 💥 le délai de traitement des applications est lent.  tactilement, c'est désagréable. c'est une marque bien connue, j'avais confiance.  👉 je vais donc aller acheter un petit appareil capable de faire des photos et des vidéos de qualité.  seul moyen de pouvoir continuer ma page fb. et une vie privée, ça mérite des souvenirs d'une qualité décente. non ?  à ce moment-là, acheter sur le web peut paraître une meilleure solution !!!  grands talents d'orateur et de vendeur, mon conseiller s'est montré très gentil et patient, très pédagogue, accueillant et possédant de l'humour. j'ai passé un agréable moment en agence, tout en appréciant la disponibilité de mon conseiller. sauf que finalement ce téléphone est certes dans mon budget, mais inutile par rapport à mes besoins.  😡😡😡😡😡  ensuite, lorsque j'en ai été en discuter, j'ai reçu un discours sur le mode ""vu le prix, vous pouviez vous en douter"" ... ""moyen de gamme, qualité moyenne"". à quoi sert de demander du conseil dans ce cas ???  sommes-nous des 🐝🐝🐝🐝🐝🐝🐝?  scandaleux c'est indigne de l'enseigne.",0,1,0,1
2482,personnel détestable et incompétent.,0,0,0,1
1591,"leur devise : c'est pas nous ! inutiles, donc. et aussi mauvais et menteurs que leur ""service"" clients déplorable",0,0,0,1
1111,"accueil un peu poussif et amateurs,  mais gentillesse et politesse",0,0,0,1
445,à éviter absolument le personnel est là pour vous vendre un maximum de produits avec assurance etc,0,0,0,1
1916,super conseil réactif et efficace  merci à myriam 😀,0,0,0,1
385,"arrivé dès l'ouverture, accueil et service efficace avec sourire. un vrai petit bonheur.",0,0,0,1
2385,"très déçue de orange,chez qui pourtant je suis cliente!!! j'ai été alpagué dans la rue pour participer à des activités ludiques:tirages au sort,biscuits et pompoms de bonnet,lol.  pressée par le temps ,puisque je travaille je n'avais pas envie d'y aller,mais cette personne a insisté et j'ai voulu lui faire plaisir; je regrette amèrement ,cette décision. j'ai 3 enfants et je me suis dit,je vais me prêter au jeu,pour eux. sauf que,vous n'avez le droit de faire le pompom, qu'une fois par jour et par personne, ce que je comprends car des gens abusent, donc une personne :le soit disant responsable a dit que je pouvais venir durant 3j; afin de pouvoir confectionner ,pour mes enfants ces fameux pompoms,aujourd'hui un employé me dit que je ne peux pas faire de pompom: le responsable lui dit que si,1 par personne et par jour,du coup tous ses collègues me sont tombés dessus et m'ont agressé violemment verbalement et le responsable a fini par me dire que c'était la dernière fois que je pouvais venir, je lui ai rétorqué que je n'étais pas une mendiante et qu'au vu de l'accueil que j'ai reçu, que c'était la dernière fois que je viendrais!!! je tiens à préciser que je suis cadre et liée par le secret professionnel,j'ai une situation,heureusement pour moi!! merci orange pour l'invitation forcée et le retour fait à vos clients.  hier un monsieur énervé etait sur le point de taper ce fameux responsable, chercher l'erreur, je comprends mieux maintenant.  le personnel est exécrable, il ne cesse de parler entre eux et se critique entre eux et ne s'occupe pas de nous et garde les cadeaux du tirage au sort pour eux,eh bien continuez et joyeux noël!!! la prochaine fois, je ne m'arrêterais pour rien au monde, mieux vaut aller au magasin on est mieux servi et plus respecté !!!! vive orange!!!! je pense fortement à tout annuler du coup, chez vous car,vous ne me méritez pas en tant que cliente !!!! vous avez mon plus grand mépris!!!",0,0,0,1
